"store_name","year","month","coverage_rate_pct","vs_usage_rate_pct","comparisons_total","vs_conversion_rate_pct","purchase_compare_total","vs_compare_share_pct","vs_recommend_share_pct","total_vs_share_pct","conversion_rate_uplift_pct","vs_user_aov","non_vs_user_aov","all_conversion_rate","pv_total","pv_vs_total","clicks_total","reco_total","purchase_all_total","purchase_recommend_total","pv_uu","pv_vs_uu","clicks_uu","comparisons_uu","reco_uu","purchase_all_uu","purchase_compare_uu","purchase_recommend_uu"
"edwin","2024","8","78.73","3.24","27767","4.75","1320","20.22","17.63","37.85","905.32","11571.267146017699","11755.828125","0.5990507688185266","1089724","857954","29096","193226","6528","1151","341752","227764","14562","12869","22202","3875","1024","736"
"edwin","2024","9","80.98","3.32","35186","4.96","1746","21.6","18.02","39.62","976.79","11243.185644661055","11257.520281060364","0.6180146451577382","1307736","1058956","35805","247015","8082","1456","403293","273223","18837","16391","25941","4807","1351","940"
"edwin","2024","10","80.53","2.87","35524","3.81","1354","21.51","15.42","36.93","1087.18","14533.181719260065","14197.764301230993","0.40997566196904245","1535457","1236549","36911","240978","6295","971","504878","356521","19509","16986","27109","4077","1100","699"
"edwin","2024","11","80.78","3.44","56380","3.98","2245","21.45","17.17","38.62","915.12","14115.126805778491","13607.4644976918","0.5162486359985872","2027124","1637440","56149","357450","10465","1797","614783","408010","28305","24940","37575","7007","1775","1282"
"edwin","2024","12","84.16","3.53","55840","4.14","2309","23.18","24.62","47.8","1159.39","13412.989479221462","13373.70536635707","0.529371847854216","1881853","1583742","55194","392515","9962","2453","514015","384905","27982","25152","39428","6683","1957","1756"
"edwin","2025","1","83.14","4.95","1058","11.91","126","19.91","42.5","62.4","970.53","15648.219178082192","12911.619047619048","2.45997201927561","25732","21394","802","8528","633","269","6751","5422","430","401","1520","448","103","184"
